,file_name
0,Circle_000dfc5c-2a92-11ea-8123-8363a7ec19e6.png
1,Circle_000ed2d8-2a8a-11ea-8123-8363a7ec19e6.png
2,Circle_00a80338-2a92-11ea-8123-8363a7ec19e6.png
3,Circle_00b9c086-2a8e-11ea-8123-8363a7ec19e6.png
4,Circle_00bb366e-2a89-11ea-8123-8363a7ec19e6.png
5,Circle_00c64264-2a95-11ea-8123-8363a7ec19e6.png
6,Circle_00d04b8c-2a91-11ea-8123-8363a7ec19e6.png
7,Circle_00d9c254-2a99-11ea-8123-8363a7ec19e6.png
8,Circle_00dee67a-2a86-11ea-8123-8363a7ec19e6.png
9,Circle_00e3ff88-2a96-11ea-8123-8363a7ec19e6.png
10,Circle_00ed5faa-2a88-11ea-8123-8363a7ec19e6.png
11,Circle_00f3a342-2a97-11ea-8123-8363a7ec19e6.png
12,Circle_00f5cb02-2a94-11ea-8123-8363a7ec19e6.png
13,Circle_00f6e2b8-2a84-11ea-8123-8363a7ec19e6.png
14,Circle_0a05eaf4-2a8c-11ea-8123-8363a7ec19e6.png
15,Circle_0a0b51ca-2a86-11ea-8123-8363a7ec19e6.png
16,Circle_0a0ed53c-2a8d-11ea-8123-8363a7ec19e6.png
17,Circle_0a18f3fc-2a90-11ea-8123-8363a7ec19e6.png
18,Circle_0a20f41e-2a98-11ea-8123-8363a7ec19e6.png
19,Circle_0a21e438-2a88-11ea-8123-8363a7ec19e6.png
20,Circle_0a233774-2a93-11ea-8123-8363a7ec19e6.png
21,Circle_0a23dbe8-2a84-11ea-8123-8363a7ec19e6.png
22,Circle_0a2d3e5c-2a8b-11ea-8123-8363a7ec19e6.png
23,Circle_0a398814-2a87-11ea-8123-8363a7ec19e6.png
24,Circle_0a4a940a-2a92-11ea-8123-8363a7ec19e6.png
25,Circle_0a4d8928-2a9a-11ea-8123-8363a7ec19e6.png
26,Circle_0a5b37b4-2a8e-11ea-8123-8363a7ec19e6.png
27,Circle_0a699ab0-2a8a-11ea-8123-8363a7ec19e6.png
28,Circle_0a6ed4de-2a95-11ea-8123-8363a7ec19e6.png
29,Circle_0a7c44d0-2a99-11ea-8123-8363a7ec19e6.png
30,Circle_0a86eaf0-2a96-11ea-8123-8363a7ec19e6.png
31,Circle_0a88e01e-2a85-11ea-8123-8363a7ec19e6.png
32,Circle_0a93c594-2a97-11ea-8123-8363a7ec19e6.png
33,Circle_0a95ace0-2a94-11ea-8123-8363a7ec19e6.png
34,Circle_0a9dd15e-2a8f-11ea-8123-8363a7ec19e6.png
35,Circle_0aa8bc42-2a8d-11ea-8123-8363a7ec19e6.png
36,Circle_0ab2f75e-2a90-11ea-8123-8363a7ec19e6.png
